<?xml version="1.0" encoding="UTF-8"?>
<!DOCTYPE suite SYSTEM "http://testng.org/testng-1.0.dtd">
<suite name="Suite">
  <test name="Test">
    <classes>
     <!--  <class name="testcases.TC08_Create_ManualBooking_Transport"/>
      <class name="testcases.TC04_Create_Hotel_Third_Party"/>
      <class name="testcases.LoginSuccess"/>
      <class name="testcases.TC05_Create_Transport_Contact"/> -->
      <class name="testcases.TC01_Create_Hotel_Contact"/>
      <!-- <class name="testcases.TC02_Create_Hotel_Group"/>
      <class name="testcases.TC07_Create_ManualBooking_Hotel"/>
      <class name="keyword.RunScripts"/>
      <class name="testcases.TC06_Create_Transport_Third_Party"/>
      <class name="testcases.TC03_Create_Hotel_Source_Provider"/> -->
    </classes>
  </test> <!-- Test -->
</suite> <!-- Suite -->
